dataset,model,params,mean_test_accuracy,std_test_accuracy,mean_test_precision,std_test_precision,mean_test_recall,std_test_recall,mean_test_f1,std_test_f1,mean_test_roc_auc,std_test_roc_auc,rank_test_recall
Data1,LogisticRegression,"{""model__C"": 0.1, ""model__class_weight"": null}",0.9614973262032086,0.02149706015213025,0.9621947334088647,0.022618938701405127,0.9418245614035088,0.036262882046837856,0.9516951195007739,0.02708631292756708,0.993585856533225,0.005686666399152378,6
Data1,LogisticRegression,"{""model__C"": 0.1, ""model__class_weight"": ""balanced""}",0.9679144385026739,0.017245471119355173,0.9544623721465827,0.03355117661114041,0.9682456140350878,0.023204365919420763,0.9608499266634073,0.020629285463447253,0.9935622502201451,0.005696276417708383,2
Data1,LogisticRegression,"{""model__C"": 1.0, ""model__class_weight"": null}",0.9614973262032086,0.023038138212340104,0.9573367530209635,0.02780223316199273,0.9471228070175439,0.03253326067533477,0.9520935296856049,0.02858011758386978,0.9926342884237622,0.007050203325881672,4
Data1,LogisticRegression,"{""model__C"": 1.0, ""model__class_weight"": ""balanced""}",0.9679144385026739,0.017896471155809095,0.9518914034775607,0.03152629885846252,0.9708421052631578,0.027229607480566177,0.9608285917496444,0.02171544063826484,0.9927291200975411,0.007202144988849964,1
Data1,LogisticRegression,"{""model__C"": 10.0, ""model__class_weight"": null}",0.9593582887700535,0.02381931278216051,0.955034865473739,0.03147784885588633,0.9444561403508771,0.03511938921625412,0.9494444572653172,0.02952260899917202,0.9920399647768068,0.008006098244777306,5
Data1,LogisticRegression,"{""model__C"": 10.0, ""model__class_weight"": ""balanced""}",0.9636363636363636,0.021229340365004505,0.9511463729538183,0.03248913122598861,0.960280701754386,0.030436366772066945,0.9553268867893241,0.025890090646928477,0.9919684346000135,0.008178375941766007,3
Data1,HistGradientBoosting,"{""model__l2_regularization"": 0.0, ""model__learning_rate"": 0.03, ""model__max_iter"": 100, ""model__max_leaf_nodes"": 15, ""model__min_samples_leaf"": 10}",0.9818181818181818,0.007253828858957495,0.981852852852853,0.016773188795959706,0.9735087719298245,0.01878291201953303,0.9774199486370568,0.009121048299079238,0.997982388403441,0.0015609943559360706,40
Data1,HistGradientBoosting,"{""model__l2_regularization"": 0.0, ""model__learning_rate"": 0.03, ""model__max_iter"": 100, ""model__max_leaf_nodes"": 15, ""model__min_samples_leaf"": 20}",0.9796791443850268,0.007859325377913945,0.9842218801079561,0.014971256982224323,0.9656140350877193,0.02138020013548001,0.9745799664136966,0.01001331379079804,0.998456241956242,0.0008813348645865204,47
Data1,HistGradientBoosting,"{""model__l2_regularization"": 0.0, ""model__learning_rate"": 0.03, ""model__max_iter"": 100, ""model__max_leaf_nodes"": 31, ""model__min_samples_leaf"": 10}",0.9807486631016042,0.009323848007573635,0.9817231829797348,0.017014172964259767,0.9708421052631578,0.019644234981035798,0.9760399072678381,0.011777154088301855,0.9978876583350267,0.0019139317285307652,42
Data1,HistGradientBoosting,"{""model__l2_regularization"": 0.0, ""model__learning_rate"": 0.03, ""model__max_iter"": 100, ""model__max_leaf_nodes"": 31, ""model__min_samples_leaf"": 20}",0.9786096256684491,0.008948235577904562,0.9816272855133615,0.017590876253445888,0.9656140350877193,0.02138020013548001,0.9732913758096698,0.011308354171129497,0.9985040642145906,0.0006916605581711085,47
Data1,HistGradientBoosting,"{""model__l2_regularization"": 0.0, ""model__learning_rate"": 0.03, ""model__max_iter"": 200, ""model__max_leaf_nodes"": 15, ""model__min_samples_leaf"": 10}",0.9850267379679144,0.011419335028910491,0.9792564786811362,0.017003421838510273,0.9840701754385964,0.021298679148164287,0.9814829872874282,0.014311093365636884,0.998670426065163,0.0013158168018000467,20
Data1,HistGradientBoosting,"{""model__l2_regularization"": 0.0, ""model__learning_rate"": 0.03, ""model__max_iter"": 200, ""model__max_leaf_nodes"": 15, ""model__min_samples_leaf"": 20}",0.9818181818181817,0.009918308551332298,0.9792418387741504,0.02089169989534202,0.9761754385964914,0.012993546708993413,0.9775476806326273,0.012195161796086349,0.9990027433448485,0.0011854574160803974,34
Data1,HistGradientBoosting,"{""model__l2_regularization"": 0.0, ""model__learning_rate"": 0.03, ""model__max_iter"": 200, ""model__max_leaf_nodes"": 31, ""model__min_samples_leaf"": 10}",0.9828877005347593,0.011419335028910493,0.9790957200526893,0.017206190500496456,0.9788070175438597,0.018097033353276348,0.9788351901075227,0.014228295670764338,0.9985283817652238,0.0016252245261514243,31
Data1,HistGradientBoosting,"{""model__l2_regularization"": 0.0, ""model__learning_rate"": 0.03, ""model__max_iter"": 200, ""model__max_leaf_nodes"": 31, ""model__min_samples_leaf"": 20}",0.9818181818181817,0.009918308551332298,0.9792418387741504,0.02089169989534202,0.9761754385964914,0.012993546708993413,0.9775476806326273,0.012195161796086349,0.9990976766239925,0.0009973835350249303,34
Data1,HistGradientBoosting,"{""model__l2_regularization"": 0.0, ""model__learning_rate"": 0.06, ""model__max_iter"": 100, ""model__max_leaf_nodes"": 15, ""model__min_samples_leaf"": 10}",0.9850267379679144,0.011419335028910491,0.9792564786811362,0.017003421838510273,0.9840701754385964,0.021298679148164287,0.9814829872874282,0.014311093365636884,0.9987418546365914,0.0013241931869210435,20
Data1,HistGradientBoosting,"{""model__l2_regularization"": 0.0, ""model__learning_rate"": 0.06, ""model__max_iter"": 100, ""model__max_leaf_nodes"": 15, ""model__min_samples_leaf"": 20}",0.9828877005347593,0.009200347879189968,0.9793684210526316,0.020711445843293225,0.9788070175438597,0.015895705016793608,0.9788710884076479,0.011391821849431908,0.999002540134119,0.001147396375573971,31
Data1,HistGradientBoosting,"{""model__l2_regularization"": 0.0, ""model__learning_rate"": 0.06, ""model__max_iter"": 100, ""model__max_leaf_nodes"": 31, ""model__min_samples_leaf"": 10}",0.983957219251337,0.013528460578260449,0.9794231453478028,0.023274396404445855,0.9814385964912281,0.01993723608174551,0.9802257279904338,0.01666260838454356,0.9985757976021133,0.0015316240281173941,26
Data1,HistGradientBoosting,"{""model__l2_regularization"": 0.0, ""model__learning_rate"": 0.06, ""model__max_iter"": 100, ""model__max_leaf_nodes"": 31, ""model__min_samples_leaf"": 20}",0.9828877005347593,0.009200347879189968,0.9816761133603238,0.01774032709290173,0.9761754385964914,0.012993546708993413,0.9788044883410478,0.011418947478510279,0.9991211813317076,0.0009866357111680986,34
Data1,HistGradientBoosting,"{""model__l2_regularization"": 0.0, ""model__learning_rate"": 0.06, ""model__max_iter"": 200, ""model__max_leaf_nodes"": 15, ""model__min_samples_leaf"": 10}",0.9871657754010694,0.012005317818526012,0.9795692640692641,0.023233375837697946,0.98940350877193,0.00995935105506281,0.9843426661206169,0.014499771508027033,0.9987182483235115,0.0013979063119455642,1
Data1,HistGradientBoosting,"{""model__l2_regularization"": 0.0, ""model__learning_rate"": 0.06, ""model__max_iter"": 200, ""model__max_leaf_nodes"": 15, ""model__min_samples_leaf"": 20}",0.9871657754010694,0.012472624374000643,0.9843076923076923,0.01922522997146254,0.9841052631578947,0.015507660514276128,0.9841385281385282,0.01545636668182945,0.9993115559168191,0.0007701389631573992,7
Data1,HistGradientBoosting,"{""model__l2_regularization"": 0.0, ""model__learning_rate"": 0.06, ""model__max_iter"": 200, ""model__max_leaf_nodes"": 31, ""model__min_samples_leaf"": 10}",0.9871657754010694,0.011519069106170055,0.979381278282011,0.020808015480237484,0.98940350877193,0.00995935105506281,0.9842941776867409,0.014072938073800058,0.998718451534241,0.001589533832423089,1
Data1,HistGradientBoosting,"{""model__l2_regularization"": 0.0, ""model__learning_rate"": 0.06, ""model__max_iter"": 200, ""model__max_leaf_nodes"": 31, ""model__min_samples_leaf"": 20}",0.9882352941176471,0.011909656391080261,0.9868051948051948,0.016757897270571195,0.9841052631578947,0.015507660514276128,0.9854117647058824,0.01482000165512997,0.9992641400799295,0.0009074547463510599,7
Data1,HistGradientBoosting,"{""model__l2_regularization"": 0.0, ""model__learning_rate"": 0.1, ""model__max_iter"": 100, ""model__max_leaf_nodes"": 15, ""model__min_samples_leaf"": 10}",0.9860962566844919,0.012923043822026277,0.9817965630693217,0.01911093149205399,0.9840701754385964,0.019605653671686676,0.9828085861349241,0.01608086402083024,0.9986944387997021,0.0014678719709924678,20
Data1,HistGradientBoosting,"{""model__l2_regularization"": 0.0, ""model__learning_rate"": 0.1, ""model__max_iter"": 100, ""model__max_leaf_nodes"": 15, ""model__min_samples_leaf"": 20}",0.9850267379679144,0.010369368678965402,0.982,0.022271057451320107,0.9814385964912281,0.01357055817738983,0.9815383430146752,0.01280606748460496,0.9992641400799295,0.0010238653600295638,26
Data1,HistGradientBoosting,"{""model__l2_regularization"": 0.0, ""model__learning_rate"": 0.1, ""model__max_iter"": 100, ""model__max_leaf_nodes"": 31, ""model__min_samples_leaf"": 10}",0.9850267379679144,0.012380574227583126,0.9817965630693217,0.01911093149205399,0.9814385964912281,0.01993723608174551,0.9814664227795158,0.015408745055876142,0.9986946420104313,0.0015386081803878385,26
Data1,HistGradientBoosting,"{""model__l2_regularization"": 0.0, ""model__learning_rate"": 0.1, ""model__max_iter"": 100, ""model__max_leaf_nodes"": 31, ""model__min_samples_leaf"": 20}",0.9871657754010694,0.00800354521235066,0.9869996578857337,0.016294123509841527,0.9814385964912281,0.01357055817738983,0.9840841710049718,0.010007953236182995,0.9992877463930097,0.0008354213083229693,26
Data1,HistGradientBoosting,"{""model__l2_regularization"": 0.0, ""model__learning_rate"": 0.1, ""model__max_iter"": 200, ""model__max_leaf_nodes"": 15, ""model__min_samples_leaf"": 10}",0.983957219251337,0.015498798659026144,0.9767944892944893,0.02460068819413878,0.9840701754385964,0.019605653671686676,0.9802800262995881,0.019123740497501995,0.9984567499830657,0.001706067881228521,20
Data1,HistGradientBoosting,"{""model__l2_regularization"": 0.0, ""model__learning_rate"": 0.1, ""model__max_iter"": 200, ""model__max_leaf_nodes"": 15, ""model__min_samples_leaf"": 20}",0.9882352941176471,0.011909656391080261,0.9868051948051948,0.016757897270571195,0.9841052631578947,0.015507660514276128,0.9854117647058824,0.01482000165512997,0.9991930163245952,0.0009817639165955966,7
Data1,HistGradientBoosting,"{""model__l2_regularization"": 0.0, ""model__learning_rate"": 0.1, ""model__max_iter"": 200, ""model__max_leaf_nodes"": 31, ""model__min_samples_leaf"": 10}",0.9860962566844919,0.011011369134745447,0.9818706097187109,0.019075850976872068,0.9841052631578947,0.015507660514276128,0.9828631214916508,0.01355574781089767,0.9985518864729391,0.0016863586985286306,7
Data1,HistGradientBoosting,"{""model__l2_regularization"": 0.0, ""model__learning_rate"": 0.1, ""model__max_iter"": 200, ""model__max_leaf_nodes"": 31, ""model__min_samples_leaf"": 20}",0.9882352941176471,0.01090699361196317,0.9869022869022869,0.016443841940361886,0.9841052631578947,0.015507660514276128,0.985427118742555,0.013540006383810236,0.9991218925692611,0.0010076905906376548,7
Data1,HistGradientBoosting,"{""model__l2_regularization"": 0.1, ""model__learning_rate"": 0.03, ""model__max_iter"": 100, ""model__max_leaf_nodes"": 15, ""model__min_samples_leaf"": 10}",0.9796791443850268,0.009200347879189975,0.981687146943699,0.017003852179101917,0.9682105263157895,0.019965929736969895,0.9746800838682796,0.011617554195665864,0.9980064011379801,0.001553926004465984,45
Data1,HistGradientBoosting,"{""model__l2_regularization"": 0.1, ""model__learning_rate"": 0.03, ""model__max_iter"": 100, ""model__max_leaf_nodes"": 15, ""model__min_samples_leaf"": 20}",0.9796791443850268,0.010369368678965419,0.9816272855133615,0.017590876253445888,0.968280701754386,0.022950533608630953,0.9746517966331778,0.013083717361450054,0.9981471245681771,0.0012571297714623613,43
Data1,HistGradientBoosting,"{""model__l2_regularization"": 0.1, ""model__learning_rate"": 0.03, ""model__max_iter"": 100, ""model__max_leaf_nodes"": 31, ""model__min_samples_leaf"": 10}",0.9786096256684491,0.007562639370979117,0.9791100392308187,0.014557671909471846,0.9682105263157895,0.024625080364307446,0.9733010307931884,0.009805430441278932,0.9979826932195353,0.001603033033081879,45
Data1,HistGradientBoosting,"{""model__l2_regularization"": 0.1, ""model__learning_rate"": 0.03, ""model__max_iter"": 100, ""model__max_leaf_nodes"": 31, ""model__min_samples_leaf"": 20}",0.9796791443850268,0.010369368678965419,0.9816272855133615,0.017590876253445888,0.968280701754386,0.022950533608630953,0.9746517966331778,0.013083717361450054,0.9981708324866219,0.0012638871237294167,43
Data1,HistGradientBoosting,"{""model__l2_regularization"": 0.1, ""model__learning_rate"": 0.03, ""model__max_iter"": 200, ""model__max_leaf_nodes"": 15, ""model__min_samples_leaf"": 10}",0.9850267379679144,0.01090699361196317,0.9792039430520443,0.017194256408349488,0.9841052631578947,0.015507660514276128,0.9815562782245426,0.013440549884791845,0.9985282801598592,0.001637450818799941,7
Data1,HistGradientBoosting,"{""model__l2_regularization"": 0.1, ""model__learning_rate"": 0.03, ""model__max_iter"": 200, ""model__max_leaf_nodes"": 15, ""model__min_samples_leaf"": 20}",0.9807486631016042,0.011011369134745453,0.9790769230769231,0.02106537833426093,0.9735438596491228,0.008434492199546142,0.976225333728156,0.013485763596764922,0.9988129783919257,0.00136688704252987,38
Data1,HistGradientBoosting,"{""model__l2_regularization"": 0.1, ""model__learning_rate"": 0.03, ""model__max_iter"": 200, ""model__max_leaf_nodes"": 31, ""model__min_samples_leaf"": 10}",0.9850267379679144,0.01090699361196317,0.9792039430520443,0.017194256408349488,0.9841052631578947,0.015507660514276128,0.9815562782245426,0.013440549884791845,0.9985284833705886,0.0017077087628614334,7
Data1,HistGradientBoosting,"{""model__l2_regularization"": 0.1, ""model__learning_rate"": 0.03, ""model__max_iter"": 200, ""model__max_leaf_nodes"": 31, ""model__min_samples_leaf"": 20}",0.9818181818181817,0.009918308551332298,0.9792418387741504,0.02089169989534202,0.9761754385964914,0.012993546708993413,0.9775476806326273,0.012195161796086349,0.9988365847050057,0.0013576312011536018,34
Data1,HistGradientBoosting,"{""model__l2_regularization"": 0.1, ""model__learning_rate"": 0.06, ""model__max_iter"": 100, ""model__max_leaf_nodes"": 15, ""model__min_samples_leaf"": 10}",0.9850267379679144,0.01090699361196317,0.9792039430520443,0.017194256408349488,0.9841052631578947,0.015507660514276128,0.9815562782245426,0.013440549884791845,0.9987418546365916,0.0013241931869209733,7
Data1,HistGradientBoosting,"{""model__l2_regularization"": 0.1, ""model__learning_rate"": 0.06, ""model__max_iter"": 100, ""model__max_leaf_nodes"": 15, ""model__min_samples_leaf"": 20}",0.9818181818181817,0.009918308551332298,0.9818734177215189,0.022453626836564454,0.9735438596491228,0.011848744078024954,0.977512592913329,0.012168592995903716,0.9989077084603399,0.0011369186831852358,38
Data1,HistGradientBoosting,"{""model__l2_regularization"": 0.1, ""model__learning_rate"": 0.06, ""model__max_iter"": 100, ""model__max_leaf_nodes"": 31, ""model__min_samples_leaf"": 10}",0.9850267379679144,0.01090699361196317,0.9792039430520443,0.017194256408349488,0.9841052631578947,0.015507660514276128,0.9815562782245426,0.013440549884791845,0.9988602926234507,0.001104751519322771,7
Data1,HistGradientBoosting,"{""model__l2_regularization"": 0.1, ""model__learning_rate"": 0.06, ""model__max_iter"": 100, ""model__max_leaf_nodes"": 31, ""model__min_samples_leaf"": 20}",0.9807486631016042,0.011011369134745453,0.9817435897435898,0.022642288782025257,0.9709122807017545,0.009904685803285436,0.976171998024347,0.01347072458887295,0.9989077084603402,0.001187694331695686,41
Data1,HistGradientBoosting,"{""model__l2_regularization"": 0.1, ""model__learning_rate"": 0.06, ""model__max_iter"": 200, ""model__max_leaf_nodes"": 15, ""model__min_samples_leaf"": 10}",0.9850267379679144,0.012380574227583128,0.979497191997192,0.02325315899504604,0.9841052631578947,0.015507660514276128,0.9816224267025688,0.015081019405877619,0.9989082164871638,0.0012757086577522513,7
Data1,HistGradientBoosting,"{""model__l2_regularization"": 0.1, ""model__learning_rate"": 0.06, ""model__max_iter"": 200, ""model__max_leaf_nodes"": 15, ""model__min_samples_leaf"": 20}",0.9850267379679144,0.012380574227583128,0.9818734177215189,0.022453626836564454,0.9814385964912281,0.01357055817738983,0.981539438550913,0.01522788150142543,0.9991926099031362,0.0010327150503141663,26
Data1,HistGradientBoosting,"{""model__l2_regularization"": 0.1, ""model__learning_rate"": 0.06, ""model__max_iter"": 200, ""model__max_leaf_nodes"": 31, ""model__min_samples_leaf"": 10}",0.9860962566844919,0.011011369134745447,0.9796515129848462,0.022974824630938626,0.9867368421052631,0.01681049665488601,0.9829453076432841,0.013464761891489669,0.9989079116710695,0.0012937107415856065,3
Data1,HistGradientBoosting,"{""model__l2_regularization"": 0.1, ""model__learning_rate"": 0.06, ""model__max_iter"": 200, ""model__max_leaf_nodes"": 31, ""model__min_samples_leaf"": 20}",0.9850267379679144,0.012380574227583126,0.9818734177215189,0.022453626836564454,0.9814736842105264,0.013584250290526846,0.9815572171188492,0.015241633952017995,0.9992162162162161,0.000977633150720793,25
Data1,HistGradientBoosting,"{""model__l2_regularization"": 0.1, ""model__learning_rate"": 0.1, ""model__max_iter"": 100, ""model__max_leaf_nodes"": 15, ""model__min_samples_leaf"": 10}",0.9860962566844919,0.011011369134745447,0.9818706097187109,0.019075850976872068,0.9841052631578947,0.015507660514276128,0.9828631214916508,0.01355574781089767,0.9987181467181468,0.0014801004668220025,7
Data1,HistGradientBoosting,"{""model__l2_regularization"": 0.1, ""model__learning_rate"": 0.1, ""model__max_iter"": 100, ""model__max_leaf_nodes"": 15, ""model__min_samples_leaf"": 20}",0.9850267379679144,0.010369368678965402,0.9843076923076923,0.01922522997146254,0.9788070175438597,0.010685002707358735,0.9814717429480753,0.012844041402805158,0.999073359073359,0.001090174165555512,31
Data1,HistGradientBoosting,"{""model__l2_regularization"": 0.1, ""model__learning_rate"": 0.1, ""model__max_iter"": 100, ""model__max_leaf_nodes"": 31, ""model__min_samples_leaf"": 10}",0.9850267379679144,0.01090699361196317,0.9769848463181796,0.021160381546324,0.9867368421052631,0.01681049665488601,0.981638464376176,0.013356822381287284,0.9987655625550362,0.0012318673681891922,3
Data1,HistGradientBoosting,"{""model__l2_regularization"": 0.1, ""model__learning_rate"": 0.1, ""model__max_iter"": 100, ""model__max_leaf_nodes"": 31, ""model__min_samples_leaf"": 20}",0.9871657754010694,0.011011369134745454,0.9844050632911392,0.019110553814702252,0.9840701754385964,0.015501625725165571,0.984120083712203,0.01368628414726654,0.9992397209239314,0.0008847221076982137,20
Data1,HistGradientBoosting,"{""model__l2_regularization"": 0.1, ""model__learning_rate"": 0.1, ""model__max_iter"": 200, ""model__max_leaf_nodes"": 15, ""model__min_samples_leaf"": 10}",0.9860962566844919,0.011011369134745447,0.9796515129848462,0.022974824630938626,0.9867368421052631,0.01681049665488601,0.9829453076432841,0.013464761891489669,0.9988841021472599,0.0012546271034773629,3
Data1,HistGradientBoosting,"{""model__l2_regularization"": 0.1, ""model__learning_rate"": 0.1, ""model__max_iter"": 200, ""model__max_leaf_nodes"": 15, ""model__min_samples_leaf"": 20}",0.9882352941176471,0.011909656391080261,0.9868051948051948,0.016757897270571195,0.9841052631578947,0.015507660514276128,0.9854117647058824,0.01482000165512997,0.9992162162162161,0.0009776331507207595,7
Data1,HistGradientBoosting,"{""model__l2_regularization"": 0.1, ""model__learning_rate"": 0.1, ""model__max_iter"": 200, ""model__max_leaf_nodes"": 31, ""model__min_samples_leaf"": 10}",0.9860962566844919,0.011011369134745447,0.9796515129848462,0.022974824630938626,0.9867368421052631,0.01681049665488601,0.9829453076432841,0.013464761891489669,0.9989080132764343,0.0011558417255505386,3
Data1,HistGradientBoosting,"{""model__l2_regularization"": 0.1, ""model__learning_rate"": 0.1, ""model__max_iter"": 200, ""model__max_leaf_nodes"": 31, ""model__min_samples_leaf"": 20}",0.9871657754010694,0.011011369134745454,0.9842077922077921,0.015468312104834705,0.9841052631578947,0.015507660514276128,0.9841045751633988,0.013723274019651666,0.9992635304477411,0.000902669047201103,7
Data1,RandomForest,"{""model__class_weight"": null, ""model__max_depth"": null, ""model__min_samples_leaf"": 1, ""model__n_estimators"": 200}",0.9828877005347593,0.011909656391080265,0.9789013385855491,0.015798517477428154,0.9788070175438597,0.018097033353276348,0.9787867050945408,0.01492764810965801,0.99863516900359,0.001074234149735858,12
Data1,RandomForest,"{""model__class_weight"": null, ""model__max_depth"": null, ""model__min_samples_leaf"": 1, ""model__n_estimators"": 400}",0.983957219251337,0.010146345433695329,0.9790094466936573,0.015666405279960736,0.9814736842105264,0.013584250290526846,0.9801826782489034,0.012597252075661865,0.998777721330353,0.0009733296534343817,8
Data1,RandomForest,"{""model__class_weight"": null, ""model__max_depth"": null, ""model__min_samples_leaf"": 5, ""model__n_estimators"": 200}",0.9786096256684491,0.014742298130577756,0.9739465402677372,0.022613949809584578,0.9735087719298245,0.023832543943432368,0.9735145415410317,0.018398694050318423,0.9980291946081421,0.0014186774921657321,22
Data1,RandomForest,"{""model__class_weight"": null, ""model__max_depth"": null, ""model__min_samples_leaf"": 5, ""model__n_estimators"": 400}",0.9796791443850268,0.014896671954207597,0.973982576303773,0.02263403853229999,0.9761403508771929,0.022964369473434346,0.9748743649405901,0.01858535980677075,0.9980767120503963,0.0013634764231049829,19
Data1,RandomForest,"{""model__class_weight"": null, ""model__max_depth"": 6, ""model__min_samples_leaf"": 1, ""model__n_estimators"": 200}",0.9807486631016042,0.012472624374000643,0.9764310279633397,0.018897037706750355,0.9761754385964914,0.019549055972402522,0.9761700739865619,0.015538276657482763,0.9984328388538917,0.001058964247231637,16
Data1,RandomForest,"{""model__class_weight"": null, ""model__max_depth"": 6, ""model__min_samples_leaf"": 1, ""model__n_estimators"": 400}",0.9807486631016042,0.012472624374000643,0.9764310279633397,0.018897037706750355,0.9761754385964914,0.019549055972402522,0.9761700739865619,0.015538276657482763,0.9985517848675745,0.0010308761004170755,16
Data1,RandomForest,"{""model__class_weight"": null, ""model__max_depth"": 6, ""model__min_samples_leaf"": 5, ""model__n_estimators"": 200}",0.9786096256684491,0.014742298130577756,0.9739465402677372,0.022613949809584578,0.9735087719298245,0.023832543943432368,0.9735145415410317,0.018398694050318423,0.9981005215742058,0.0012346655908521908,22
Data1,RandomForest,"{""model__class_weight"": null, ""model__max_depth"": 6, ""model__min_samples_leaf"": 5, ""model__n_estimators"": 400}",0.9786096256684491,0.014742298130577756,0.9739465402677372,0.022613949809584578,0.9735087719298245,0.023832543943432368,0.9735145415410317,0.018398694050318423,0.99817164532954,0.0012155617281625814,22
Data1,RandomForest,"{""model__class_weight"": null, ""model__max_depth"": 10, ""model__min_samples_leaf"": 1, ""model__n_estimators"": 200}",0.9828877005347593,0.011909656391080265,0.9789013385855491,0.015798517477428154,0.9788070175438597,0.018097033353276348,0.9787867050945408,0.01492764810965801,0.9985044706360495,0.0011194787179018759,12
Data1,RandomForest,"{""model__class_weight"": null, ""model__max_depth"": 10, ""model__min_samples_leaf"": 1, ""model__n_estimators"": 400}",0.9828877005347593,0.011909656391080265,0.9789013385855491,0.015798517477428154,0.9788070175438597,0.018097033353276348,0.9787867050945408,0.01492764810965801,0.9987777721330353,0.0010429301818746777,12
Data1,RandomForest,"{""model__class_weight"": null, ""model__max_depth"": 10, ""model__min_samples_leaf"": 5, ""model__n_estimators"": 200}",0.9796791443850268,0.014896671954207597,0.973982576303773,0.02263403853229999,0.9761403508771929,0.022964369473434346,0.9748743649405901,0.01858535980677075,0.9980291946081421,0.0014186774921657321,19
Data1,RandomForest,"{""model__class_weight"": null, ""model__max_depth"": 10, ""model__min_samples_leaf"": 5, ""model__n_estimators"": 400}",0.9796791443850268,0.014896671954207597,0.973982576303773,0.02263403853229999,0.9761403508771929,0.022964369473434346,0.9748743649405901,0.01858535980677075,0.9980291946081421,0.0013805264942588567,19
Data1,RandomForest,"{""model__class_weight"": ""balanced"", ""model__max_depth"": null, ""model__min_samples_leaf"": 1, ""model__n_estimators"": 200}",0.9818181818181818,0.012472624374000648,0.9764670639993757,0.018916340719211933,0.9788070175438597,0.018097033353276348,0.9775298973861203,0.015528025874493609,0.9986464641333062,0.0009830900452548628,12
Data1,RandomForest,"{""model__class_weight"": ""balanced"", ""model__max_depth"": null, ""model__min_samples_leaf"": 1, ""model__n_estimators"": 400}",0.9828877005347593,0.012834224598930482,0.9765021517186738,0.018935380439489048,0.9814385964912281,0.018117430971772135,0.9788718283725266,0.01597834770961584,0.9987417530312268,0.0009858930751635686,11
Data1,RandomForest,"{""model__class_weight"": ""balanced"", ""model__max_depth"": null, ""model__min_samples_leaf"": 5, ""model__n_estimators"": 200}",0.9807486631016042,0.011519069106170066,0.9693606237816764,0.023980498266021548,0.9841403508771929,0.009922196561782528,0.9765306937990778,0.013726027684920901,0.997981575560523,0.0014985754027074425,1
Data1,RandomForest,"{""model__class_weight"": ""balanced"", ""model__max_depth"": null, ""model__min_samples_leaf"": 5, ""model__n_estimators"": 400}",0.9807486631016042,0.011519069106170066,0.9693606237816764,0.023980498266021548,0.9841403508771929,0.009922196561782528,0.9765306937990778,0.013726027684920901,0.9980054866896972,0.0014916306566088097,1
Data1,RandomForest,"{""model__class_weight"": ""balanced"", ""model__max_depth"": 6, ""model__min_samples_leaf"": 1, ""model__n_estimators"": 200}",0.9786096256684491,0.012194389573252813,0.9714260312944523,0.01998150357046573,0.9761754385964914,0.019549055972402522,0.9736223035613699,0.015070384283611064,0.9983138928402087,0.001261345394827413,16
Data1,RandomForest,"{""model__class_weight"": ""balanced"", ""model__max_depth"": 6, ""model__min_samples_leaf"": 1, ""model__n_estimators"": 400}",0.9818181818181818,0.012005317818526016,0.9742017543859649,0.022491823349267137,0.9814736842105264,0.013584250290526846,0.9776851757514009,0.014642185735203348,0.9985750863645599,0.0010143026446172614,8
Data1,RandomForest,"{""model__class_weight"": ""balanced"", ""model__max_depth"": 6, ""model__min_samples_leaf"": 5, ""model__n_estimators"": 200}",0.9796791443850268,0.011419335028910491,0.9693245877456403,0.023954586389669637,0.9815087719298246,0.01346042842081097,0.9751708703995193,0.013638358005844365,0.9979105534105533,0.001442349021299527,7
Data1,RandomForest,"{""model__class_weight"": ""balanced"", ""model__max_depth"": 6, ""model__min_samples_leaf"": 5, ""model__n_estimators"": 400}",0.9796791443850268,0.012380574227583133,0.9668657502341713,0.02537799905034566,0.9841403508771929,0.009922196561782528,0.9752584735132638,0.014812655332677557,0.9979581724581724,0.0014836540302677489,1
Data1,RandomForest,"{""model__class_weight"": ""balanced"", ""model__max_depth"": 10, ""model__min_samples_leaf"": 1, ""model__n_estimators"": 200}",0.9828877005347593,0.010906993611963171,0.9765751721074839,0.018820132192865914,0.9814736842105264,0.013584250290526846,0.9789258705404829,0.013434456035628522,0.9986703244597981,0.0008929045180926198,8
Data1,RandomForest,"{""model__class_weight"": ""balanced"", ""model__max_depth"": 10, ""model__min_samples_leaf"": 1, ""model__n_estimators"": 400}",0.983957219251337,0.011217206932301079,0.9766102598267821,0.018839067795565538,0.9841052631578947,0.013085696659471827,0.9802678015268892,0.013817598115433,0.9987179435074172,0.0009507194030932728,6
Data1,RandomForest,"{""model__class_weight"": ""balanced"", ""model__max_depth"": 10, ""model__min_samples_leaf"": 5, ""model__n_estimators"": 200}",0.9807486631016042,0.011519069106170066,0.9693606237816764,0.023980498266021548,0.9841403508771929,0.009922196561782528,0.9765306937990778,0.013726027684920901,0.9979577660367134,0.001523794076969688,1
Data1,RandomForest,"{""model__class_weight"": ""balanced"", ""model__max_depth"": 10, ""model__min_samples_leaf"": 5, ""model__n_estimators"": 400}",0.9807486631016042,0.011519069106170066,0.9693606237816764,0.023980498266021548,0.9841403508771929,0.009922196561782528,0.9765306937990778,0.013726027684920901,0.9980054866896972,0.0014916306566088236,1
Data2,LogisticRegression,"{""model__C"": 0.1, ""model__class_weight"": null}",0.8168317610062893,0.019798251154677076,0.8425159753051116,0.01693703681339725,0.8928760359724917,0.02190058696011541,0.8667705647900554,0.014464536459539082,0.8604655263621936,0.02065900473165228,1
Data2,LogisticRegression,"{""model__C"": 0.1, ""model__class_weight"": ""balanced""}",0.7565251572327044,0.027527299900723563,0.8527684716962792,0.023170539640111107,0.768612237700582,0.04067521724904109,0.8077834001881612,0.024561272993645113,0.8631508202939152,0.01940070651310195,4
Data2,LogisticRegression,"{""model__C"": 1.0, ""model__class_weight"": null}",0.8105503144654087,0.008950001265109706,0.8501376813022878,0.01707061671971642,0.8702697936871804,0.011296585752668311,0.8598590270289013,0.004468846557070853,0.8627642124945518,0.018038885334587265,2
Data2,LogisticRegression,"{""model__C"": 1.0, ""model__class_weight"": ""balanced""}",0.757806603773585,0.026746175006108444,0.8616306871453776,0.021464179202151695,0.7592840768823841,0.030314591481499016,0.806940422279675,0.02260224384294594,0.8638934266692841,0.01655530712215761,5
Data2,LogisticRegression,"{""model__C"": 10.0, ""model__class_weight"": null}",0.8092924528301886,0.009192016740059579,0.84985411166092,0.017157610336615222,0.8683830012343503,0.010728606301135231,0.8587995955043535,0.004669815357732208,0.8624454773208944,0.017676542954532165,3
Data2,LogisticRegression,"{""model__C"": 10.0, ""model__class_weight"": ""balanced""}",0.7603223270440251,0.026334079492773176,0.8654476431362467,0.022348984574860117,0.7592840768823841,0.030314591481499016,0.8085690571207828,0.022204447568038976,0.8630789551608148,0.015850634878555488,5
Data2,HistGradientBoosting,"{""model__l2_regularization"": 0.0, ""model__learning_rate"": 0.03, ""model__max_iter"": 100, ""model__max_leaf_nodes"": 15, ""model__min_samples_leaf"": 10}",0.9761399371069182,0.013437786169903728,0.9813856757042909,0.012944285580071387,0.9830541350731794,0.015112024636711229,0.9821208093233167,0.010180878457485512,0.9927664083736187,0.005980562882840251,3
Data2,HistGradientBoosting,"{""model__l2_regularization"": 0.0, ""model__learning_rate"": 0.03, ""model__max_iter"": 100, ""model__max_leaf_nodes"": 15, ""model__min_samples_leaf"": 20}",0.9686399371069182,0.0068472270312502,0.9794835566506539,0.013350850334234552,0.9736907071063303,0.009186669143450683,0.9764693404250895,0.0050051147128925945,0.9921583827683381,0.004466447869821684,45
Data2,HistGradientBoosting,"{""model__l2_regularization"": 0.0, ""model__learning_rate"": 0.03, ""model__max_iter"": 100, ""model__max_leaf_nodes"": 31, ""model__min_samples_leaf"": 10}",0.9686006289308177,0.016412740951568493,0.9775858843746009,0.013639723321932262,0.9755069652618585,0.021204356629319347,0.9763760242178867,0.012609064019520074,0.9869207121302356,0.007859743931321939,43
Data2,HistGradientBoosting,"{""model__l2_regularization"": 0.0, ""model__learning_rate"": 0.03, ""model__max_iter"": 100, ""model__max_leaf_nodes"": 31, ""model__min_samples_leaf"": 20}",0.9661399371069181,0.00844595782324743,0.9775604797275769,0.012292719596518887,0.9718215482278257,0.011822335189316429,0.9745736058279331,0.006328971686766783,0.9919128435635789,0.004504826051117907,47
Data2,HistGradientBoosting,"{""model__l2_regularization"": 0.0, ""model__learning_rate"": 0.03, ""model__max_iter"": 200, ""model__max_leaf_nodes"": 15, ""model__min_samples_leaf"": 10}",0.971124213836478,0.010234677593844511,0.9761824785420649,0.01834035033641302,0.9811673426203491,0.011961049868594953,0.9784767204826549,0.007452802941177664,0.9941373356001904,0.004698524855820884,11
Data2,HistGradientBoosting,"{""model__l2_regularization"": 0.0, ""model__learning_rate"": 0.03, ""model__max_iter"": 200, ""model__max_leaf_nodes"": 15, ""model__min_samples_leaf"": 20}",0.9673977987421385,0.010741468171690768,0.9760669104358424,0.01857600014440859,0.9755774995591606,0.011256796539534094,0.975643003282751,0.007872765493267334,0.9941809204725797,0.003567861473131653,38
Data2,HistGradientBoosting,"{""model__l2_regularization"": 0.0, ""model__learning_rate"": 0.03, ""model__max_iter"": 200, ""model__max_leaf_nodes"": 31, ""model__min_samples_leaf"": 10}",0.9698820754716981,0.010054487448465512,0.9758988814369163,0.010764729656285481,0.9792981837418445,0.018307811743944465,0.9774223975467228,0.007750108935260361,0.9917581339020438,0.004542446617910572,24
Data2,HistGradientBoosting,"{""model__l2_regularization"": 0.0, ""model__learning_rate"": 0.03, ""model__max_iter"": 200, ""model__max_leaf_nodes"": 31, ""model__min_samples_leaf"": 20}",0.9699213836477988,0.012070654462026797,0.9778671328671329,0.016741498266100555,0.9774819255863164,0.015196376591213142,0.9774953265887373,0.009003727852263152,0.9943609160142799,0.003163512165440144,25
Data2,HistGradientBoosting,"{""model__l2_regularization"": 0.0, ""model__learning_rate"": 0.06, ""model__max_iter"": 100, ""model__max_leaf_nodes"": 15, ""model__min_samples_leaf"": 10}",0.9686163522012577,0.013779488841207846,0.9722978290679569,0.016070999212244152,0.9811849761946746,0.01035071286619152,0.976636691035796,0.010160411055001933,0.9932470064512267,0.005762620200880728,8
Data2,HistGradientBoosting,"{""model__l2_regularization"": 0.0, ""model__learning_rate"": 0.06, ""model__max_iter"": 100, ""model__max_leaf_nodes"": 15, ""model__min_samples_leaf"": 20}",0.971187106918239,0.01748668737057973,0.9777161727161727,0.015897534403722713,0.9793687180391466,0.016091735613446834,0.9784533757189203,0.013080361030888712,0.9933631218746154,0.004345816305578912,12
Data2,HistGradientBoosting,"{""model__l2_regularization"": 0.0, ""model__learning_rate"": 0.06, ""model__max_iter"": 100, ""model__max_leaf_nodes"": 31, ""model__min_samples_leaf"": 10}",0.9673584905660378,0.01285723752683009,0.9757670497878939,0.010676509716860386,0.975524598836184,0.021201291609545373,0.9754544037904026,0.01004033917091995,0.9926467995062598,0.003928898888899634,41
Data2,HistGradientBoosting,"{""model__l2_regularization"": 0.0, ""model__learning_rate"": 0.06, ""model__max_iter"": 100, ""model__max_leaf_nodes"": 31, ""model__min_samples_leaf"": 20}",0.9724371069182389,0.014546476930859758,0.9796352729838969,0.015571096754731865,0.9793687180391466,0.016091735613446834,0.9793652272242062,0.010882928259979526,0.9942554472772762,0.003272823015001174,12
Data2,HistGradientBoosting,"{""model__l2_regularization"": 0.0, ""model__learning_rate"": 0.06, ""model__max_iter"": 200, ""model__max_leaf_nodes"": 15, ""model__min_samples_leaf"": 10}",0.9698899371069182,0.00919034908567683,0.975813334115221,0.010806505764345551,0.9793334508904955,0.012489451279426564,0.9774798963609227,0.006897696481594445,0.9945998010400482,0.003766226276988343,18
Data2,HistGradientBoosting,"{""model__l2_regularization"": 0.0, ""model__learning_rate"": 0.06, ""model__max_iter"": 200, ""model__max_leaf_nodes"": 15, ""model__min_samples_leaf"": 20}",0.9711713836477986,0.010097033281541873,0.9778013615002259,0.013385220534047176,0.9793687180391466,0.016091735613446834,0.9784169784900953,0.007532066611635888,0.99396465965538,0.0036983090858537077,12
Data2,HistGradientBoosting,"{""model__l2_regularization"": 0.0, ""model__learning_rate"": 0.06, ""model__max_iter"": 200, ""model__max_leaf_nodes"": 31, ""model__min_samples_leaf"": 10}",0.9698899371069182,0.011486034699467018,0.9760310554067221,0.014507122166297426,0.97931581731617,0.019248692133134602,0.9774475955520145,0.008726520586296653,0.9927196627662088,0.004430471177233456,20
Data2,HistGradientBoosting,"{""model__l2_regularization"": 0.0, ""model__learning_rate"": 0.06, ""model__max_iter"": 200, ""model__max_leaf_nodes"": 31, ""model__min_samples_leaf"": 20}",0.9711792452830188,0.012822261972078617,0.9777484805310668,0.01341085272119518,0.9793687180391466,0.016091735613446834,0.9784263020699543,0.009597666349970465,0.9951055186433461,0.0026785865047189534,12
Data2,HistGradientBoosting,"{""model__l2_regularization"": 0.0, ""model__learning_rate"": 0.1, ""model__max_iter"": 100, ""model__max_leaf_nodes"": 15, ""model__min_samples_leaf"": 10}",0.9661163522012579,0.007560915156045235,0.9721742435595058,0.011170071756669873,0.9774290248633399,0.012817922683201236,0.9746784216329176,0.005734831804378165,0.994532261123292,0.0033298713429507406,33
Data2,HistGradientBoosting,"{""model__l2_regularization"": 0.0, ""model__learning_rate"": 0.1, ""model__max_iter"": 100, ""model__max_leaf_nodes"": 15, ""model__min_samples_leaf"": 20}",0.9736713836477986,0.012135737161420794,0.9833201536847683,0.013259835195545447,0.9774642920119909,0.02022691654673679,0.9801696236126111,0.009276623161387915,0.9946061225100895,0.00398544919523218,28
Data2,HistGradientBoosting,"{""model__l2_regularization"": 0.0, ""model__learning_rate"": 0.1, ""model__max_iter"": 100, ""model__max_leaf_nodes"": 31, ""model__min_samples_leaf"": 10}",0.9661242138364781,0.0063715340340885955,0.9740610154875478,0.013091625298915159,0.9755422324105096,0.012828301098436815,0.9746503392869453,0.004720126279614959,0.9927173338035621,0.004083258795194878,39
Data2,HistGradientBoosting,"{""model__l2_regularization"": 0.0, ""model__learning_rate"": 0.1, ""model__max_iter"": 100, ""model__max_leaf_nodes"": 31, ""model__min_samples_leaf"": 20}",0.9762028301886794,0.015999337433376063,0.9814727864727864,0.01515275841469286,0.9831246693704815,0.014993267377602492,0.9822093270502551,0.011909617680901288,0.995176718358547,0.002906838240642775,2
Data2,HistGradientBoosting,"{""model__l2_regularization"": 0.0, ""model__learning_rate"": 0.1, ""model__max_iter"": 200, ""model__max_leaf_nodes"": 15, ""model__min_samples_leaf"": 10}",0.968632075471698,0.007943597900007872,0.9758735934793821,0.011949756908792516,0.9774290248633399,0.014115122778192659,0.9765113606824052,0.0060344501417454646,0.9925403326424078,0.004913019048119091,33
Data2,HistGradientBoosting,"{""model__l2_regularization"": 0.0, ""model__learning_rate"": 0.1, ""model__max_iter"": 200, ""model__max_leaf_nodes"": 15, ""model__min_samples_leaf"": 20}",0.9736713836477987,0.009164468381567134,0.983218667371802,0.010403295082166458,0.9774642920119909,0.016331831574761483,0.9801890364983425,0.006993838898468174,0.9950293282939017,0.0041515252875596095,28
Data2,HistGradientBoosting,"{""model__l2_regularization"": 0.0, ""model__learning_rate"": 0.1, ""model__max_iter"": 200, ""model__max_leaf_nodes"": 31, ""model__min_samples_leaf"": 10}",0.9723899371069183,0.009388175050669346,0.9796534539666025,0.014499709069474061,0.97931581731617,0.015103400889664538,0.9793111326130195,0.007092152132252505,0.9923972677941064,0.005403945202217539,20
Data2,HistGradientBoosting,"{""model__l2_regularization"": 0.0, ""model__learning_rate"": 0.1, ""model__max_iter"": 200, ""model__max_leaf_nodes"": 31, ""model__min_samples_leaf"": 20}",0.9699213836477988,0.014456463429068443,0.9795116565926776,0.013153928386991729,0.9755951331334861,0.01933378091407892,0.9773881339061612,0.010891727162324083,0.9944650539154851,0.003239790942049956,36
Data2,HistGradientBoosting,"{""model__l2_regularization"": 0.1, ""model__learning_rate"": 0.03, ""model__max_iter"": 100, ""model__max_leaf_nodes"": 15, ""model__min_samples_leaf"": 10}",0.9723899371069183,0.005043874686034888,0.9777856982546822,0.01217278800910972,0.9811849761946746,0.01035071286619152,0.9793653669691004,0.00372840902907602,0.9929467366242685,0.0050532663516456066,8
Data2,HistGradientBoosting,"{""model__l2_regularization"": 0.1, ""model__learning_rate"": 0.03, ""model__max_iter"": 100, ""model__max_leaf_nodes"": 15, ""model__min_samples_leaf"": 20}",0.9711635220125787,0.0115940756460969,0.9813018024408622,0.012974908609822687,0.9755774995591608,0.011256796539534096,0.9783566751114092,0.008674834347311972,0.9922997840718917,0.004415457096256208,37
Data2,HistGradientBoosting,"{""model__l2_regularization"": 0.1, ""model__learning_rate"": 0.03, ""model__max_iter"": 100, ""model__max_leaf_nodes"": 31, ""model__min_samples_leaf"": 10}",0.9661084905660378,0.01098240895412581,0.9741062949742195,0.013017776307102142,0.9755069652618585,0.021204356629319347,0.9745566633371816,0.008551512323186213,0.9886048848327971,0.007153085506258724,43
Data2,HistGradientBoosting,"{""model__l2_regularization"": 0.1, ""model__learning_rate"": 0.03, ""model__max_iter"": 100, ""model__max_leaf_nodes"": 31, ""model__min_samples_leaf"": 20}",0.9673899371069183,0.0072704443320046825,0.9794648860009151,0.013335649190083463,0.9718215482278257,0.011822335189316429,0.9754943912036949,0.005401574307569674,0.9919853741145783,0.00425609533067337,47
Data2,HistGradientBoosting,"{""model__l2_regularization"": 0.1, ""model__learning_rate"": 0.03, ""model__max_iter"": 200, ""model__max_leaf_nodes"": 15, ""model__min_samples_leaf"": 10}",0.9736399371069183,0.009245817808517605,0.9760871394280342,0.014562171565015193,0.9849409275260095,0.011338456850875126,0.9803654002313982,0.006826058645045812,0.9940321995721364,0.004481014695096047,1
Data2,HistGradientBoosting,"{""model__l2_regularization"": 0.1, ""model__learning_rate"": 0.03, ""model__max_iter"": 200, ""model__max_leaf_nodes"": 15, ""model__min_samples_leaf"": 20}",0.9711792452830188,0.016104140948281977,0.9759861870862391,0.016869736546460092,0.9812378769176512,0.013242262524014817,0.9785149305435011,0.011968449974744206,0.9945695245256403,0.0037513876994414346,4
Data2,HistGradientBoosting,"{""model__l2_regularization"": 0.1, ""model__learning_rate"": 0.03, ""model__max_iter"": 200, ""model__max_leaf_nodes"": 31, ""model__min_samples_leaf"": 10}",0.9711163522012578,0.011000177997847865,0.9813342225111669,0.012970937059873582,0.975524598836184,0.016477119830544753,0.9782651572781372,0.008432820059766364,0.9923952715404092,0.004640154155960658,41
Data2,HistGradientBoosting,"{""model__l2_regularization"": 0.1, ""model__learning_rate"": 0.03, ""model__max_iter"": 200, ""model__max_leaf_nodes"": 31, ""model__min_samples_leaf"": 20}",0.9699292452830189,0.015479917091358538,0.9777161727161727,0.015897534403722713,0.9774819255863163,0.013976051083957915,0.9775055084203421,0.011569052392468214,0.9945735170330346,0.003144382451034333,26
Data2,HistGradientBoosting,"{""model__l2_regularization"": 0.1, ""model__learning_rate"": 0.06, ""model__max_iter"": 100, ""model__max_leaf_nodes"": 15, ""model__min_samples_leaf"": 10}",0.9748977987421383,0.010519608231838807,0.9814913252942196,0.015260800766424124,0.9811849761946746,0.01035071286619152,0.9812259545327346,0.007810390530386032,0.9943512674547433,0.004266315923561692,8
Data2,HistGradientBoosting,"{""model__l2_regularization"": 0.1, ""model__learning_rate"": 0.06, ""model__max_iter"": 100, ""model__max_leaf_nodes"": 15, ""model__min_samples_leaf"": 20}",0.973687106918239,0.013318491799165465,0.9796719030205269,0.015573936400729994,0.9812378769176512,0.013242262524014819,0.9803399209557631,0.009888972866152776,0.9944637230796871,0.0037367898736432262,4
Data2,HistGradientBoosting,"{""model__l2_regularization"": 0.1, ""model__learning_rate"": 0.06, ""model__max_iter"": 100, ""model__max_leaf_nodes"": 31, ""model__min_samples_leaf"": 10}",0.968616352201258,0.008928083612434703,0.9795660823944029,0.01456268793495471,0.9736554399576794,0.016243422331631327,0.9764037566080608,0.006852618129244345,0.9917231994623424,0.004772672203338364,46
Data2,HistGradientBoosting,"{""model__l2_regularization"": 0.1, ""model__learning_rate"": 0.06, ""model__max_iter"": 100, ""model__max_leaf_nodes"": 31, ""model__min_samples_leaf"": 20}",0.972429245283019,0.012844516602046158,0.9814887108576429,0.016193188224721856,0.9774819255863163,0.013976051083957915,0.9793383925173771,0.009560833971934149,0.9943602505963808,0.0033090681504234923,26
Data2,HistGradientBoosting,"{""model__l2_regularization"": 0.1, ""model__learning_rate"": 0.06, ""model__max_iter"": 200, ""model__max_leaf_nodes"": 15, ""model__min_samples_leaf"": 10}",0.9761635220125786,0.009192319306208058,0.9832421673718812,0.012129087276446272,0.9812026097690001,0.010334748929333145,0.9821391601794975,0.006850320920580843,0.9946736624268457,0.0030671123109389316,6
Data2,HistGradientBoosting,"{""model__l2_regularization"": 0.1, ""model__learning_rate"": 0.06, ""model__max_iter"": 200, ""model__max_leaf_nodes"": 15, ""model__min_samples_leaf"": 20}",0.9699056603773586,0.009166734090391426,0.9779002700673672,0.016678280122103158,0.9774466584376652,0.01273241755486913,0.9774944217948713,0.006780421642129925,0.9948523271327476,0.0037270068704598203,32
Data2,HistGradientBoosting,"{""model__l2_regularization"": 0.1, ""model__learning_rate"": 0.06, ""model__max_iter"": 200, ""model__max_leaf_nodes"": 31, ""model__min_samples_leaf"": 10}",0.9736399371069181,0.009267117395149037,0.9832213415116697,0.010666818880260526,0.9774290248633397,0.01848340124126865,0.980134190210947,0.007254443695606277,0.9922565319084518,0.004740480195922337,35
Data2,HistGradientBoosting,"{""model__l2_regularization"": 0.1, ""model__learning_rate"": 0.06, ""model__max_iter"": 200, ""model__max_leaf_nodes"": 31, ""model__min_samples_leaf"": 20}",0.9724135220125787,0.00631688138150768,0.9813867325335217,0.0113955975550069,0.9774642920119907,0.012724624756494423,0.9792953626580871,0.004691504690581567,0.9949977209436958,0.0028622599190236534,31
Data2,HistGradientBoosting,"{""model__l2_regularization"": 0.1, ""model__learning_rate"": 0.1, ""model__max_iter"": 100, ""model__max_leaf_nodes"": 15, ""model__min_samples_leaf"": 10}",0.969874213836478,0.01218927716922996,0.975947828465166,0.0157903943520309,0.97931581731617,0.013874900390033437,0.9774866304343066,0.009144320679265957,0.9943133386344961,0.004552348557966627,20
Data2,HistGradientBoosting,"{""model__l2_regularization"": 0.1, ""model__learning_rate"": 0.1, ""model__max_iter"": 100, ""model__max_leaf_nodes"": 15, ""model__min_samples_leaf"": 20}",0.9736792452830189,0.012736979723085011,0.9815396792572351,0.016164316867752996,0.979351084464821,0.015019872440709021,0.9802857966356712,0.009469517224903367,0.9943565907979359,0.004181119573611729,16
Data2,HistGradientBoosting,"{""model__l2_regularization"": 0.1, ""model__learning_rate"": 0.1, ""model__max_iter"": 100, ""model__max_leaf_nodes"": 31, ""model__min_samples_leaf"": 10}",0.9698820754716981,0.0073498679524032435,0.9795131723414929,0.010393263001615232,0.9755422324105096,0.017501497964596983,0.9773429324766397,0.005815827743792399,0.9924701310540552,0.005209226116027109,39
Data2,HistGradientBoosting,"{""model__l2_regularization"": 0.1, ""model__learning_rate"": 0.1, ""model__max_iter"": 100, ""model__max_leaf_nodes"": 31, ""model__min_samples_leaf"": 20}",0.9736792452830189,0.010712804285784338,0.9814534548020786,0.012823669179629208,0.979351084464821,0.016099984482191795,0.9802516505903727,0.008120859787651,0.9953171215352523,0.0026662814456760433,16
Data2,HistGradientBoosting,"{""model__l2_regularization"": 0.1, ""model__learning_rate"": 0.1, ""model__max_iter"": 200, ""model__max_leaf_nodes"": 15, ""model__min_samples_leaf"": 10}",0.9761556603773585,0.0073187390512157585,0.9833252076941399,0.013331451791906833,0.9812026097690001,0.01193343592738161,0.9821300501618184,0.005487723238735512,0.9946357336065983,0.0036854865217007928,6
Data2,HistGradientBoosting,"{""model__l2_regularization"": 0.1, ""model__learning_rate"": 0.1, ""model__max_iter"": 200, ""model__max_leaf_nodes"": 15, ""model__min_samples_leaf"": 20}",0.9724056603773585,0.0049730668736685055,0.9795842761697566,0.010378159125622276,0.9793334508904955,0.015028688948907912,0.9793033970009392,0.003839923667081548,0.9936106573330715,0.0036653343761990417,18
Data2,HistGradientBoosting,"{""model__l2_regularization"": 0.1, ""model__learning_rate"": 0.1, ""model__max_iter"": 200, ""model__max_leaf_nodes"": 31, ""model__min_samples_leaf"": 10}",0.9736556603773586,0.007313450694012763,0.9814523774480601,0.011289617404464576,0.97931581731617,0.016218824481596936,0.98021458982408,0.005631129089424296,0.993145862930567,0.0047169626837358924,20
Data2,HistGradientBoosting,"{""model__l2_regularization"": 0.1, ""model__learning_rate"": 0.1, ""model__max_iter"": 200, ""model__max_leaf_nodes"": 31, ""model__min_samples_leaf"": 20}",0.9761792452830189,0.009994361766395995,0.9869082139947019,0.009295078265886455,0.9774642920119909,0.017387598459446485,0.9820234008035287,0.007666152954077863,0.9946766568073915,0.0032714266233949308,28
Data2,RandomForest,"{""model__class_weight"": null, ""model__max_depth"": null, ""model__min_samples_leaf"": 1, ""model__n_estimators"": 200}",0.9485691823899371,0.01745758547603475,0.953943230043282,0.01242923778513105,0.9698994886263446,0.021002956503171983,0.961728945510387,0.013229009182872275,0.9878108749247246,0.004603690218193317,1
Data2,RandomForest,"{""model__class_weight"": null, ""model__max_depth"": null, ""model__min_samples_leaf"": 1, ""model__n_estimators"": 400}",0.9485691823899371,0.01920019279039054,0.9555243508363865,0.01049518470843473,0.96803032974784,0.02356927581613581,0.9616151013404476,0.014723191181323422,0.9884879376370345,0.004643308008523478,3
Data2,RandomForest,"{""model__class_weight"": null, ""model__max_depth"": null, ""model__min_samples_leaf"": 5, ""model__n_estimators"": 200}",0.9297484276729561,0.022596361017406905,0.9327370244006186,0.01477857967346404,0.9642743784165051,0.021023658107713537,0.9482007151518838,0.016926386732610654,0.9800357994829703,0.008416814295561681,7
Data2,RandomForest,"{""model__class_weight"": null, ""model__max_depth"": null, ""model__min_samples_leaf"": 5, ""model__n_estimators"": 400}",0.9259827044025158,0.02077043430029576,0.9309052035600708,0.01405943676304342,0.9605007935108448,0.023446222682778656,0.9453417547068466,0.01577224577969494,0.9803225945974722,0.008422440452898207,11
Data2,RandomForest,"{""model__class_weight"": null, ""model__max_depth"": 6, ""model__min_samples_leaf"": 1, ""model__n_estimators"": 200}",0.9134512578616352,0.022518259493150134,0.9146065657647366,0.022011833253366687,0.9605007935108446,0.01833374518441409,0.9368325108835996,0.016371887352728078,0.9730449190352772,0.009118252974295315,12
Data2,RandomForest,"{""model__class_weight"": null, ""model__max_depth"": 6, ""model__min_samples_leaf"": 1, ""model__n_estimators"": 400}",0.9084433962264151,0.0263991954811531,0.9138724602263707,0.02262652218083025,0.9530065244225006,0.021498429751479236,0.9329045838179695,0.01935803162246871,0.9733666485894805,0.009591303855632224,16
Data2,RandomForest,"{""model__class_weight"": null, ""model__max_depth"": 6, ""model__min_samples_leaf"": 5, ""model__n_estimators"": 200}",0.9046776729559749,0.021356316930901988,0.9045839361628835,0.01837625022807054,0.9586492682066655,0.019414717483437084,0.9306984268458137,0.015393806568142246,0.9702122350389102,0.012272929668480715,13
Data2,RandomForest,"{""model__class_weight"": null, ""model__max_depth"": 6, ""model__min_samples_leaf"": 5, ""model__n_estimators"": 400}",0.907193396226415,0.020199752297491887,0.9091573693779695,0.015768815780972098,0.9567801093281609,0.020273427074383305,0.932244663186902,0.014793647486662677,0.9692956218829331,0.012812416775497108,15
Data2,RandomForest,"{""model__class_weight"": null, ""model__max_depth"": 10, ""model__min_samples_leaf"": 1, ""model__n_estimators"": 200}",0.9397720125786163,0.024692599037228178,0.9430987975154498,0.012831738168609597,0.96803032974784,0.025696758742881753,0.9553432850042153,0.01868434868064794,0.986589167662021,0.004993886256371168,3
Data2,RandomForest,"{""model__class_weight"": null, ""model__max_depth"": 10, ""model__min_samples_leaf"": 1, ""model__n_estimators"": 400}",0.9372720125786163,0.024795856712491383,0.9413008545707179,0.014149349131839883,0.9661611708693352,0.02428421694606985,0.9535260738176925,0.018681861326782626,0.9867322325103224,0.0048425640280462525,6
Data2,RandomForest,"{""model__class_weight"": null, ""model__max_depth"": 10, ""model__min_samples_leaf"": 5, ""model__n_estimators"": 200}",0.9247248427672956,0.020252127761045974,0.9260734225157778,0.014125197827603485,0.9642743784165051,0.021023658107713537,0.9446990316502003,0.01523693794665152,0.9809613957805852,0.00788574288495328,7
Data2,RandomForest,"{""model__class_weight"": null, ""model__max_depth"": 10, ""model__min_samples_leaf"": 5, ""model__n_estimators"": 400}",0.9234748427672954,0.022593064874777403,0.9290334665939943,0.015322364216640431,0.95863163463234,0.022822191834471397,0.9435108544957342,0.017036061978788836,0.9800414555351125,0.008529044934031444,14
Data2,RandomForest,"{""model__class_weight"": ""balanced"", ""model__max_depth"": null, ""model__min_samples_leaf"": 1, ""model__n_estimators"": 200}",0.9523506289308177,0.018783294213987365,0.9613286431415219,0.017996929099394498,0.96803032974784,0.02569675874288175,0.964362709264526,0.01422196867256084,0.9883947791311639,0.005031232242971529,3
Data2,RandomForest,"{""model__class_weight"": ""balanced"", ""model__max_depth"": null, ""model__min_samples_leaf"": 1, ""model__n_estimators"": 400}",0.9523427672955975,0.016105814164797762,0.959693947561872,0.01799283023208204,0.9698994886263446,0.02488219182220454,0.9644311787628531,0.012244621215433996,0.9889632123714496,0.004663043021336983,1
Data2,RandomForest,"{""model__class_weight"": ""balanced"", ""model__max_depth"": null, ""model__min_samples_leaf"": 5, ""model__n_estimators"": 200}",0.9285062893081761,0.01698430555019394,0.9525420472621361,0.014023453935473927,0.9398695115499912,0.01740095195512375,0.9460708703218257,0.012822267508018098,0.9801742064059782,0.007933588051102142,22
Data2,RandomForest,"{""model__class_weight"": ""balanced"", ""model__max_depth"": null, ""model__min_samples_leaf"": 5, ""model__n_estimators"": 400}",0.9335298742138365,0.019140232311530635,0.9581831585800904,0.01689293301366425,0.9417386704284958,0.01821893867714689,0.949779321879349,0.014376175405893794,0.9807078715610371,0.007567233751871386,19
Data2,RandomForest,"{""model__class_weight"": ""balanced"", ""model__max_depth"": 6, ""model__min_samples_leaf"": 1, ""model__n_estimators"": 200}",0.9159512578616352,0.024921190206181384,0.931336910737984,0.01722439540351212,0.9436254628813261,0.020582135773877328,0.93742805433328,0.01863698594172215,0.979612593699158,0.006848413372817965,17
Data2,RandomForest,"{""model__class_weight"": ""balanced"", ""model__max_depth"": 6, ""model__min_samples_leaf"": 1, ""model__n_estimators"": 400}",0.914693396226415,0.0246133523848424,0.9312157615514142,0.017199013776382773,0.941738670428496,0.02007808361678918,0.936436434834355,0.01839524456286985,0.9788357183019866,0.007247423004685719,18
Data2,RandomForest,"{""model__class_weight"": ""balanced"", ""model__max_depth"": 6, ""model__min_samples_leaf"": 5, ""model__n_estimators"": 200}",0.913443396226415,0.0221934811642172,0.9310458668861067,0.014171875527883682,0.9398695115499912,0.01933889459471932,0.9354286828963705,0.016686923302516962,0.9725974254981485,0.01130199601371139,22
Data2,RandomForest,"{""model__class_weight"": ""balanced"", ""model__max_depth"": 6, ""model__min_samples_leaf"": 5, ""model__n_estimators"": 400}",0.913443396226415,0.0221934811642172,0.9310458668861067,0.014171875527883682,0.9398695115499912,0.01933889459471932,0.9354286828963705,0.016686923302516962,0.9745873577253354,0.010684592454339297,22
Data2,RandomForest,"{""model__class_weight"": ""balanced"", ""model__max_depth"": 10, ""model__min_samples_leaf"": 1, ""model__n_estimators"": 200}",0.947311320754717,0.018835296736409792,0.9588892643570333,0.012181329166941899,0.9623875859636749,0.021505703670897214,0.9605272661610689,0.014331874600004707,0.9870832404520851,0.005828433951454043,9
Data2,RandomForest,"{""model__class_weight"": ""balanced"", ""model__max_depth"": 10, ""model__min_samples_leaf"": 1, ""model__n_estimators"": 400}",0.9485691823899371,0.020360172114209454,0.9607231560868869,0.014484047836022812,0.9623875859636749,0.021505703670897214,0.9614485169361598,0.015436152522654671,0.9876897688670928,0.005505730486665613,9
Data2,RandomForest,"{""model__class_weight"": ""balanced"", ""model__max_depth"": 10, ""model__min_samples_leaf"": 5, ""model__n_estimators"": 200}",0.9259827044025158,0.02424171901955185,0.9470952464921784,0.01843728601525524,0.9417386704284958,0.01821893867714689,0.9444043051722566,0.018196926339560392,0.9806340101742398,0.007899665441033933,19
Data2,RandomForest,"{""model__class_weight"": ""balanced"", ""model__max_depth"": 10, ""model__min_samples_leaf"": 5, ""model__n_estimators"": 400}",0.9297562893081761,0.02216403979470709,0.9525326731431971,0.01671949005764722,0.9417386704284958,0.01821893867714689,0.9470757403305962,0.016713491831760796,0.980816001969637,0.007816366055514033,19
